id,title,description,depends_on,actor,goal,activity,step,pattern,effort,reach,impact,confidence,bv,tc,rr,js
ST1,Formular E-Mail/Passwort,Basis-Registrierung mit E-Mail und Passwort,,Neukunde,Schnell registrieren und ersten Nutzen erleben,Registrieren,E-Mail & Passwort,Workflow,2,5000,2,0.8,8,6,3,3
ST2,Double-Opt-In,E-Mail-Bestätigung für Account-Aktivierung,ST1,Neukunde,Schnell registrieren und ersten Nutzen erleben,Registrieren,Double-Opt-In,Rule,1,5000,1,0.9,6,7,3,2
ST3,Guided Tour Overlay,Overlay mit 3 Tipps für Erstnutzer,,Neukunde,Schnell registrieren und ersten Nutzen erleben,Erste Schritte & Hilfe,Guided Tour,Interface,2,5000,0.5,0.7,4,3,2,2
ST4,Erste Aufgabe abschließen,Mini-Aufgabe mit Erfolgserlebnis für Nutzer,ST3,Neukunde,Schnell registrieren und ersten Nutzen erleben,Erste Schritte & Hilfe,Erste Aufgabe abschließen,Operation,3,5000,2,0.6,7,4,2,4
