{
  "$schema": "http://json-schema.org/draft-07/schema#",
  "title": "PsychoanalyticDynamicsFusionOutput",
  "type": "object",
  "properties": {
    "summary_text": { "type": "string" },
    "brainstorm": {
      "type": "object",
      "properties": {
        "lenses": {
          "type": "array",
          "items": {
            "type": "object",
            "properties": {
              "label": { "type": "string" },
              "rationale": { "type": "string" },
              "questions": { "type": "array", "items": { "type": "string" } },
              "related_marker_families": { "type": "array", "items": { "type": "string" } }
            },
            "required": ["label", "rationale"]
          }
        }
      }
    },
    "marker_engine": {
      "description": "Passthrough/Subset aus Marker-Engine (rf_stage, atos, sems, clus, tends, memas, manifestation)",
      "type": "object"
    },
    "emotion_dynamics": {
      "type": "object",
      "properties": {
        "current": { "type": "array", "items": { "type": "string" } },
        "trend": { "type": "string" },
        "triggers": { "type": "array", "items": { "type": "string" } },
        "timeline": { "type": "array", "items": { "type": "object" } }
      }
    },
    "psychoanalytic_inference": {
      "type": "object",
      "properties": {
        "core_conflicts": {
          "type": "array",
          "items": {
            "type": "object",
            "properties": {
              "label": { "type": "string" },
              "derives_from": { "type": "array", "items": { "type": "string" } },
              "confidence": { "type": "number", "minimum": 0, "maximum": 1 },
              "explanation": { "type": "string" }
            },
            "required": ["label", "derives_from", "confidence"]
          }
        },
        "defenses": {
          "type": "array",
          "items": {
            "type": "object",
            "properties": {
              "type": { "type": "string" },
              "derives_from": { "type": "array", "items": { "type": "string" } },
              "confidence": { "type": "number" }
            },
            "required": ["type", "derives_from"]
          }
        },
        "transference": {
          "type": "object",
          "properties": {
            "pattern": { "type": "string" },
            "possible_origin": { "type": "string" },
            "derives_from": { "type": "array", "items": { "type": "string" } },
            "confidence": { "type": "number" }
          }
        }
      }
    },
    "coach_next_actions": {
      "type": "array",
      "items": {
        "type": "object",
        "properties": {
          "gate": { "type": "string", "enum": ["Ideation", "Backlog", "Execution", "Final"] },
          "action": { "type": "string" },
          "rationale": { "type": "string" }
        },
        "required": ["gate", "action"]
      }
    },
    "evidence_prefixed_declarations": {
      "description": "Liste von Sätzen mit Präfix zur Klarheit über Gewissheitsgrad",
      "type": "array",
      "items": {
        "type": "object",
        "properties": {
          "prefix": { "type": "string", "enum": ["Faktisch korrekt sage ich", "Logisch scheint mir", "Rein subjektiv, aus meinem Denken ergibt sich"] },
          "text": { "type": "string" }
        },
        "required": ["prefix", "text"]
      }
    },
    "self_check": {
      "type": "object",
      "properties": {
        "validation_summary": { "type": "string" },
        "next_step_or_correction": { "type": "string" }
      }
    }
  },
  "required": ["summary_text", "psychoanalytic_inference", "coach_next_actions", "evidence_prefixed_declarations"]
}