{
  "gate_name": "Ideation",
  "date": "2025-01-10",
  "reviewers": ["Coach", "Architect"],
  "decision": "approve",
  "rationale": "Annahmen explizit, unrealistische Pfade verworfen, klarer Problemrahmen.",
  "risks": "Unklare Datenqualität in Segment B – Messplan in Phase 3 erforderlich.",
  "next_actions": "Transfer von K1/K2 in Phase 2 und Zerlegung in testbare Chunks.",
  "self_audit_reference": {
    "standup_log": "assets/templates/proactive-standup.md",
    "self_check": "assets/templates/team-self-check.md",
    "experiment_log": "assets/templates/experiment-log.md"
  }
}
